Photo Editing|Adobe Photoshop Elements 11
Photo Editing|Corel VideoStudio Pro X4 Ultimate
Photo Editing|Paperport 14.0
Photo Editing|Photomatix Pro 4
Games|XCOM: Enemy Unknown
Games|The Sims 3
Games|Guild Wars 2
Finance|QuickBooks Pro 2013
Finance|Sage Peachtree Complete Accounting 2011
Featured|Adobe Photoshop Elements 11
Graphics Cards|GTX 680
Graphics Cards|Sapphire AMD
Desktops|HP Pavillion p6-2110
Laptops|Apple MacBook Pro
Laptops|Toshiba Qosmio
Laptops|Alienware AM18XR2-8728BK
Printers|Canon PIXMA MG6220 Wireless Inkjet Photo All-In-One Printer
Printers|Epson WorkForce 545 Wireless All-in-One Color Inkjet Printer, Copier, Scanner, Fax
Printers|Brother Printer MFC7860DW Wireless Monochrome Printer with Scanner, Copier & Fax
Printers|HP Officejet Pro 8600 Plus e-All-in-One Wireless Color Printer with Scanner, Copier & Fax
Printers|Hewlett Packard 3050A Wireless All-in-One Color Photo Printer
Printers|Canon PIXMA Pro9000 Mark II Inkjet Photo Printer
Printers|Brother HL-2270DW Compact Laser Printer with Wireless Networking and Duplex
Printers|Brother MFC-9970CDW Color Laser All-in-One with Wireless Networking and Duplex
Printers|HP LaserJet Pro P1606dn Printer
Printers|Brother IntelliFax 2820 Laser Fax Machine and Copier
Printers|Brother Printer Wireless Monochrome Printer
Printers|HP LaserJet Pro P1102w Printer
Printers|Epson Artisan 730 Wireless All-in-One Color Inkjet Printer, Copier, Scanner, iOS/Tablet/Smartphone/AirPrint Compatible
Mice|Logitech Wireless Performance Mouse
Mice|Apple Magic Mouse
Mice|Microsoft Arc Touch Mouse
Mice|Razer Deathadder Infrared Gaming Mouse
Mice|Logitech M305 Wireless Mouse
Webcams|Logitech HD Webcam C310
Keyboards|Apple Wireless Keyboard MC184LL/B
USB Devices|IO Crest Mini USB Powered Desktop Cooling Fan
USB Devices|Lava World 2552 USB Mini Lava Lamp
USB Devices|USB Mini Aquarium
USB Devices|USB Powered Plasma Ball
USB Devices|USB QX3 Microscope
USB Devices|Robot USB Hub
USB Devices|USB Pet Rock
USB Devices|Star Wars Yoda USB Desk Protector Figure
USB Devices|USB Magic 8 Ball
